SNo,Name,Symbol,Date,High,Low,Open,Close,Volume,Marketcap,log_return,ma5,ma20,ma_ratio,volatility,rsi
20,Aave,AAVE,2020-10-24 23:59:59,42.43970617,38.72882165,41.68663733,39.45502214,57658170.2946863,421421064.2790179,-0.7372828734708683,37.302736812,43.3957994135,-1.0740544163265553,0.5263845310563132,-0.9818323116832488
21,Aave,AAVE,2020-10-25 23:59:59,40.92850939,37.60120084,39.45502214,37.90476078,43970451.95984127,404862645.1741443,-0.5623449374925025,38.447685472,42.630075304500004,-0.841597697011875,-0.02879327628320772,-1.1204885398223412
22,Aave,AAVE,2020-10-26 23:59:59,39.16386433,35.07196756,37.90476254,36.03392191,50307222.85474928,384880121.63162833,-0.6857041371099503,38.62239855,42.3116914695,-0.7816082989620461,-0.030617201982817064,-1.480912155180635
23,Aave,AAVE,2020-10-27 23:59:59,38.86918184,34.46963521,36.0339136,34.87153083,58581307.85370107,372464564.3579749,-0.47689908656900876,37.990374603999996,42.051069230500005,-0.8331171919987248,-0.3353536861118012,-1.4830953658341066
24,Aave,AAVE,2020-10-28 23:59:59,35.56402236,32.00005907,34.87153639,32.39408292,60533866.82608766,346002819.346564,-0.956041563014546,36.131863716,41.4825502235,-1.0112917584020291,-1.505724364639248,-1.6092743279479886
25,Aave,AAVE,2020-10-29 23:59:59,33.1554836,28.24077345,32.39408189,29.09833402,66304785.64501483,310800760.62242234,-1.3496154459428575,34.060526091999996,40.596579717,-1.1872296355161427,-1.1356693036417533,-1.4326720009537188
26,Aave,AAVE,2020-10-30 23:59:59,31.98077334,27.79246068,29.09834147,31.21782294,77280723.5890018,350090548.37008536,0.7307477410410507,32.72313852399999,39.7007849805,-1.2683231267102173,-0.19666226112647614,-0.9413201304355023
27,Aave,AAVE,2020-10-31 23:59:59,32.90016101,29.61025941,31.21782294,29.70751775,58631071.60696922,333516029.29639417,-0.6736754297724048,31.457857692000005,38.7031245815,-1.331222664019829,-0.19777275370468247,-1.2436827766971252
28,Aave,AAVE,2020-11-01 23:59:59,31.0670602,28.49448212,29.70751776,30.65727643,49568339.15865809,345465544.0019291,0.27581266907091556,30.615006812,37.624053792,-1.3262246631117114,-0.01510565361219991,-1.0985105297893776
29,Aave,AAVE,2020-11-02 23:59:59,33.92358529,29.34464956,30.65728227,29.73152358,87180146.47242028,335349717.5105502,-0.45197435874136127,30.082494944,36.5544141315,-1.2754292407690275,-0.1321753430681287,-0.8351274802992787
30,Aave,AAVE,2020-11-03 23:59:59,30.06291681,27.53711073,29.73152554,28.04280321,56775011.59564292,316455541.5979732,-0.7777715433388729,29.871388781999997,35.3907283965,-1.1594998602900417,-0.4820605728635051,-0.6567757094037274
31,Aave,AAVE,2020-11-04 23:59:59,28.4330692,26.08951824,28.04297069,27.71508436,50464690.5101932,313021334.56848735,-0.23050679745093564,29.170841066,34.5755234675,-1.161483146912395,-0.9938536217667714,-1.077842836967693
32,Aave,AAVE,2020-11-05 23:59:59,32.3030396,25.96615498,27.7150798,30.95562668,85212411.64251429,350205472.9254519,1.202448905310677,29.420462852000004,34.1485125885,-1.0633310358695403,-0.22599521399925146,-1.0245629098621771
33,Aave,AAVE,2020-11-06 23:59:59,40.76907497,30.8551283,30.95511845,38.45744081,147304661.0003733,435876358.2493624,2.448998697977808,30.980495728,34.0030349665,-0.7909348033768081,1.041636116749667,-0.5453448393931257
34,Aave,AAVE,2020-11-07 23:59:59,51.42799241,38.45744081,38.45744081,44.60489962,200580053.60534415,507707213.1975601,1.6442086063589458,33.955170936,34.1959313645,-0.3411126472555357,0.9978115781765551,0.22450524493696364
35,Aave,AAVE,2020-11-08 23:59:59,54.78636021,42.86425511,44.60489961,53.74937894,174706008.6468665,613014913.9174644,2.0916298196330847,39.096486082,35.082784442000005,0.3263261860582786,0.3577480695525999,0.9124893927124098
36,Aave,AAVE,2020-11-09 23:59:59,58.36411095,49.86012895,53.74937384,54.88649964,386011347.7491519,626843328.1215719,0.1524150490063769,44.530769138,36.21810855,0.9589381694704076,0.03263791212518474,1.1526211582573247
37,Aave,AAVE,2020-11-10 23:59:59,70.30982523,53.17903589,54.88650532,67.00111098,433793206.4967589,780700254.0603075,2.2433600001247935,51.739865998000006,37.810146273,1.7222679183110028,0.10180043884059274,1.6343387412390167
38,Aave,AAVE,2020-11-11 23:59:59,68.77859822,53.71675388,67.00111108,54.69964668,354136841.3455583,638025534.6074319,-2.468928349531513,54.988307172,38.643546079,2.0220591781960118,2.3815546194009753,0.8619575325845703
39,Aave,AAVE,2020-11-12 23:59:59,59.61831483,50.52310167,54.69962256,51.63241804,244505561.5470832,603421827.5595561,-0.7687716054317694,56.393810855999995,39.140835113,2.1200475899700066,2.4170107572021213,0.8771514543904493
40,Aave,AAVE,2020-11-13 23:59:59,66.12366042,51.1791527,51.63243434,63.39907168,318852071.2420879,743396746.1819518,2.3119744256653396,58.323749404,40.33803759,2.1479796070838852,2.5317534842528477,1.1379583308532333
41,Aave,AAVE,2020-11-14 23:59:59,68.37704309,57.89727345,63.39907168,67.01611273,243698854.74567783,786814070.8942633,0.5571014015967563,60.749672022000006,41.7936051875,2.1902365526970304,2.533938849733867,1.3102879374238359
42,Aave,AAVE,2020-11-15 23:59:59,71.17455519,60.08891509,67.01611268,64.23729542,258275517.09982908,754769242.984942,-0.5888701189704413,60.196908910000005,43.203773862999995,1.85918276763461,1.9395646765907053,1.1232977481943505
43,Aave,AAVE,2020-11-16 23:59:59,74.0423007,61.20922869,64.23729391,71.76639355,252527244.6746781,843863117.2246927,1.2054286871890094,63.610258284,45.048516999,1.9620275962872735,0.8818067611243996,1.3277001629260698
44,Aave,AAVE,2020-11-17 23:59:59,79.56212338,68.95632584,73.2530654,78.44328478,310951195.4893777,923384720.0462722,0.9492208076860209,68.972431632,47.350977092,2.207038451398035,0.38159545943750284,1.53060675901353
45,Aave,AAVE,2020-11-18 23:59:59,79.21050482,67.64859817,78.44275754,75.23227405,291394550.7946071,887327038.570436,-0.5823860860974461,71.339072106,49.6576740935,2.097103238688377,-0.0610868560539933,1.3771454921967352
46,Aave,AAVE,2020-11-19 23:59:59,80.73120239,70.5034588,75.23277433,75.85718351,275294182.28090847,895838057.7896098,0.004083951876556415,73.107286262,51.889642122,1.9447738865212114,-0.07096630630886597,1.3341063788698158
47,Aave,AAVE,2020-11-20 23:59:59,82.17322523,74.68948917,75.85718441,75.06539972,260578165.49533343,888309702.5449907,-0.21571815762557423,75.27290712199999,54.157536220500006,1.8402923840960868,-0.23117503653797078,1.1513628913045053
48,Aave,AAVE,2020-11-21 23:59:59,76.89173349,67.79606731,75.06539968,70.42424685,237984829.20010588,833647262.7056857,-0.8403951933683904,75.00447778200001,56.145884741500005,1.543510905300187,-0.4064531525282302,0.7637080030535812
49,Aave,AAVE,2020-11-22 23:59:59,74.6597895,63.29912732,70.4242469,68.42477869,209068686.3780854,811198457.4282078,-0.4301923492864497,73.000776564,58.080547497,1.1093661307103835,-1.1961822562673565,0.39194224802950883
50,Aave,AAVE,2020-11-23 23:59:59,73.77057074,65.73764591,68.42478443,71.83861244,220212896.1199827,852034424.5073861,0.4774870731044798,72.322044242,60.2703379585,0.7965076029116519,-0.8371879296693332,0.46607519280653964
51,Aave,AAVE,2020-11-24 23:59:59,74.38013135,66.27866009,71.85567173,66.73867871,193004081.17873785,792032288.2378324,-0.9553674841500066,70.498343282,62.221517676000005,0.4286306780045715,-0.6617358188281329,-0.2384258002509081
52,Aave,AAVE,2020-11-25 23:59:59,67.45255654,59.55788547,66.71556336,61.80533895,154888752.21671736,733874939.2967753,-0.9923529094462814,67.846331128,63.764003289499996,0.04942949749194887,-0.5667583731243176,0.13317327843371407
53,Aave,AAVE,2020-11-26 23:59:59,65.09772852,50.38421932,61.81669679,63.99345248,282502058.4653289,760506808.6507189,0.31471478028111705,66.560172254,65.040803873,-0.17403833646961983,-0.40346278097180843,0.4085342733588423
54,Aave,AAVE,2020-11-27 23:59:59,68.66542935,56.65032306,64.00578618,60.73871861,201844805.75607985,722139363.7789521,-0.7042520964464004,65.02296023800001,65.84749482250001,-0.3712361065815029,-0.3561677792872894,-0.38620225891530835
55,Aave,AAVE,2020-11-28 23:59:59,66.20104081,58.979246,60.74922406,63.94728703,150605043.44521672,760508853.1865296,0.510175519414958,63.444695156,66.35739022700001,-0.5436485381123417,-0.33479845078010456,-0.4122030934878034
56,Aave,AAVE,2020-11-29 23:59:59,69.56144009,62.04129627,63.94875712,68.85312443,161791286.30746406,819035970.4519866,0.7730130818788639,63.8675843,67.0557214665,-0.5637108466795072,-0.2079902887683507,0.041278606041344645
57,Aave,AAVE,2020-11-30 23:59:59,79.46509408,68.85644439,68.85644439,76.41953515,288079549.86705697,909941093.0031154,1.1284754848430019,66.79042353999999,67.526642675,-0.3623372545265655,-0.4027536737712625,0.04325208502382256
58,Aave,AAVE,2020-12-01 23:59:59,78.86189102,70.94403421,76.42472206,74.86836458,268968536.9296152,891921515.9888393,-0.333020568720414,68.96540596,68.53507857,-0.2679122251490163,-0.23441662170906225,-0.45632537865977996
59,Aave,AAVE,2020-12-02 23:59:59,89.93801025,72.4543506,74.8611544,86.32324982,410949897.5495344,1029525776.0385628,1.5748177938859973,74.082312202,70.269620159,-0.00423288275726432,-0.3470630274038543,0.38054074743058397
60,Aave,AAVE,2020-12-03 23:59:59,94.06976137,83.21397488,86.38082732,91.67564477,390370348.3556075,1093762156.9254584,0.6118495849656875,79.62798375,71.68344881350001,0.30665942978100913,-0.3609987863126427,0.5715093389843243
61,Aave,AAVE,2020-12-04 23:59:59,92.73576711,80.18386018,91.68452862,81.6418197,344330864.1263516,974344644.041474,-1.450589330001886,82.18572280400001,72.414734162,0.4391221515396373,0.7300325996609988,0.06115795223476627
62,Aave,AAVE,2020-12-05 23:59:59,91.92059987,79.94649654,81.58988912,91.92059987,321071928.23277366,1097810892.1516194,1.2962226482791293,85.28593574800001,73.7988993845,0.5530057967588738,0.7961086160161449,0.6434958752471107
63,Aave,AAVE,2020-12-06 23:59:59,92.73346394,84.95069045,91.94666405,87.95642649,261643152.7839865,1051203168.980594,-0.6091873880818957,87.90354813000002,74.6084010315,0.6769112456017083,0.8891584484632641,0.5438547569244555
64,Aave,AAVE,2020-12-07 23:59:59,94.70016225,86.90958728,87.95654066,90.9602979,299145687.7401658,1087477655.8333125,0.30054799629939893,88.83095774600001,75.2342516875,0.6907927738106554,0.43092138799429847,0.5317099725404122
65,Aave,AAVE,2020-12-08 23:59:59,91.09876956,78.20985346,90.95032482,79.94619074,376267574.7847037,956117556.491354,-1.6046718630771766,86.48506694,75.46994752200001,0.49970012425660315,0.7505599090105957,0.259723090229881
66,Aave,AAVE,2020-12-09 23:59:59,86.12544951,75.09706845,79.92281871,82.11372218,357447823.9545926,982942929.9949716,0.22054167156256185,86.579447436,75.7827744555,0.4805474436036305,0.46058962535873393,0.5470536355831219
67,Aave,AAVE,2020-12-10 23:59:59,83.05117464,75.8590325,82.18282288,76.64575648,299977126.99674493,917596922.5460534,-0.9000029997340104,83.524478758,75.8617922935,0.2526942040329476,-0.16843748255884908,0.23640236714948284
68,Aave,AAVE,2020-12-11 23:59:59,78.34898133,70.70723382,76.62523273,74.72982934,314260628.56666005,894777251.8971121,-0.3893390958618628,80.879159328,76.077071418,0.04447733377933999,-0.16884058178293454,0.2937646812760231
69,Aave,AAVE,2020-12-12 23:59:59,79.99834299,74.64877724,74.68163358,77.55488043,228308571.77371025,928807400.9458116,0.341837091850425,78.198075834,76.533576505,-0.18289532583914828,-0.14672880969705113,0.2818824799924841
70,Aave,AAVE,2020-12-13 23:59:59,84.64911414,76.92843287,77.58847305,83.42745942,269018776.9246724,999380433.358915,0.762180201321623,78.89432957,77.113018854,-0.1754685074963871,-0.4839262337654114,0.31162241680479935
71,Aave,AAVE,2020-12-14 23:59:59,90.85681018,79.78814542,83.45492245,86.14011813,309773536.51004165,1032112150.701743,0.2819956054156562,79.69960876,78.083090825,-0.18864428187047422,-0.47180792932161386,0.15482824947947785
72,Aave,AAVE,2020-12-15 23:59:59,88.7453422,84.62607976,86.15458046,87.25809436,288078630.12110555,1045770157.8973216,0.05823552110696625,81.822076336,79.3557285955,-0.1316146858579207,-0.9886992048654771,0.26228903737323195
73,Aave,AAVE,2020-12-16 23:59:59,89.48084257,80.96540248,87.22501124,87.23005839,368950333.1915783,1045506379.575309,-0.09657579462834923,84.322122146,80.517558891,-0.0427396530246889,-1.194321419571374,-0.18458961773546093
74,Aave,AAVE,2020-12-17 23:59:59,89.47445661,83.34012744,87.23298911,85.08382773,361404899.28428113,1019961551.3521832,-0.3846196064274588,85.827911606,81.734814347,-0.02720645457896306,-0.9668904998817799,-0.5475405344274005
75,Aave,AAVE,2020-12-18 23:59:59,89.77304202,82.84064623,85.09337071,89.77007385,254960310.8344537,1076525471.5506575,0.535206752737846,87.096434492,83.02595368799999,-0.03298334509239208,-1.1392461753048864,0.2061697350682526
76,Aave,AAVE,2020-12-19 23:59:59,96.06858373,88.96400336,89.83129712,89.01304208,357204770.5456118,1067684335.4318194,-0.1920109717698153,87.671019282,84.0339495705,-0.06455978493923716,-1.1492250601251779,-0.4123053662123818
77,Aave,AAVE,2020-12-20 23:59:59,89.84421115,84.43455089,88.97544294,85.96947236,280308987.27089214,1031344697.275862,-0.5003335598389647,87.413294882,84.511446431,-0.11371456337684734,-1.0284578556219381,-0.3560017008194314
78,Aave,AAVE,2020-12-21 23:59:59,87.63337491,77.89985001,85.96909929,81.31193717,215489072.06714505,975723269.0679436,-0.745249715465037,86.22967063799999,84.8336250605,-0.21198049680510672,-0.8473532733843229,-0.8335340004200388
79,Aave,AAVE,2020-12-22 23:59:59,85.61030076,76.15550286,81.22589588,84.10955202,244392689.8707386,1009442760.1055428,0.30342624106694144,86.034815496,84.7229401705,-0.21732220500743554,-0.7390749829438763,0.08884975726533148
80,Aave,AAVE,2020-12-23 23:59:59,84.26820383,63.67705336,84.10286783,75.21556665,278229984.1943121,902812157.557945,-1.401940689273959,83.12391405599999,83.8999362645,-0.35325136453146383,-0.5235815184984901,-0.6743079429683997
81,Aave,AAVE,2020-12-24 23:59:59,80.4439646,71.28719443,75.31676447,80.25657151,289878177.16607887,963409600.2909256,0.6670515151910842,81.372619942,83.830673855,-0.46356280375441006,-0.10325310457589493,0.009920292244615124
82,Aave,AAVE,2020-12-25 23:59:59,81.50417507,75.92070481,80.25962689,79.79518007,172743359.15124372,958013751.496413,-0.160346629780436,80.137761484,83.224402865,-0.5062453824818943,-0.10971690537238077,0.1159070935241282
83,Aave,AAVE,2020-12-26 23:59:59,79.9801058,73.80886762,79.82209367,74.868333,181386506.709466,898979377.0145285,-0.8393407545490729,78.84904065,82.5699981905,-0.5500797478292748,-0.07806441965992117,-0.4001421234468648
84,Aave,AAVE,2020-12-27 23:59:59,81.52688405,72.60726467,74.87591603,76.96798485,213855387.96349987,924546580.8374872,0.2311681324140649,77.420727216,81.870382538,-0.601111389708703,-0.10446915809493185,-0.6801782497313518
85,Aave,AAVE,2020-12-28 23:59:59,85.21962997,76.16170207,76.91174253,81.88362359,226663289.81516027,984160252.9022946,0.6323680027939949,78.754338604,81.96725418049999,-0.5178378910215604,-0.5415029684914039,-0.5110347198610447
86,Aave,AAVE,2020-12-29 23:59:59,82.70331397,75.19173596,81.86660056,77.90199883,163464865.4658465,936493441.5518984,-0.6767017441728862,78.283424068,81.756668013,-0.5358921228695591,-0.5690055240123021,-0.8148574284035343
87,Aave,AAVE,2020-12-30 23:59:59,84.9367816,77.10187416,77.9061581,80.88830364,205643884.0541269,973018228.8535388,0.34782433376584543,78.502048782,81.968795371,-0.5348522937828188,-0.47960350152401304,-0.6023779745577381
88,Aave,AAVE,2020-12-31 23:59:59,87.6998754,78.42604748,80.85524534,87.5274822,204471306.25616992,1053210331.410881,0.8311953468117286,81.033878622,82.60867801399999,-0.4071862108051925,-0.6414447524693533,-0.09342775520945532
89,Aave,AAVE,2021-01-01 23:59:59,90.34967103,85.12559659,87.54330564,90.34967103,202515778.52722812,1087592822.2173798,0.27891263915057357,83.710215858,83.248417544,-0.27193345905128125,-0.6424682563806092,-0.19391525547609492
90,Aave,AAVE,2021-01-02 23:59:59,91.77162009,82.78576283,90.38482799,85.71284343,221843920.0913869,1032020483.2481196,-0.7099365253822207,84.476059826,83.3626867445,-0.22901997233155444,-0.42571759420047606,-0.4001646209117568
91,Aave,AAVE,2021-01-03 23:59:59,92.42910958,81.85337486,85.71298896,91.09664966,298884107.1168472,1097389994.1441915,0.6207585526686358,87.114989992,83.610513321,-0.0720704999503536,-0.6162934937614011,0.032602511433564754
92,Aave,AAVE,2021-01-04 23:59:59,111.89987356,88.20161002,91.2304962,111.13203789,619262373.131525,1339476346.339024,2.2358188963873977,93.163736842,84.80421049750001,0.23931718821080905,0.41055980156815824,0.9743395079782982
93,Aave,AAVE,2021-01-05 23:59:59,119.95772976,99.53225695,111.15107382,116.45382785,573305329.4852206,1404342547.249715,0.45509958834536,98.949005972,86.2653989705,0.5056154048802427,0.40490789439288816,1.033919585526604
94,Aave,AAVE,2021-01-06 23:59:59,119.8851618,109.85704892,116.5014983,115.00081244,392901334.3399963,1389419870.2162387,-0.2398831631945678,103.879234254,87.761248206,0.706907656405927,0.5352100097466377,1.4870804747950355
95,Aave,AAVE,2021-01-07 23:59:59,125.1173602,110.95208917,114.98445149,114.94044678,467716121.23043567,1391148360.454535,-0.09896186728163865,109.72475492400001,89.0197668525,0.9758207884545214,0.23978456438409476,1.3805615059883196
96,Aave,AAVE,2021-01-08 23:59:59,117.47867697,100.96896688,114.88431038,111.70277995,501393571.617764,1352221085.0091486,-0.42749762293780985,113.84598098199999,90.154253746,1.14180420412315,0.45596449040035764,1.1919940080227205
97,Aave,AAVE,2021-01-09 23:59:59,118.94047169,106.45365528,111.70262962,117.66696294,337620867.7593545,1424946042.5667017,0.5164885614135906,115.152965992,91.739128275,1.1002067519505687,-0.9849391194175958,1.6478142026347686
98,Aave,AAVE,2021-01-10 23:59:59,134.09957064,113.93094463,117.67017938,126.20067343,512402602.85617554,1528930605.940942,0.7273126568016927,117.102335108,93.983565088,1.0494562519987276,-0.8172975806208225,1.7469913248003799
99,Aave,AAVE,2021-01-11 23:59:59,126.14799918,95.15299713,126.14799918,115.60195207,610095319.0815829,1402127902.577836,-1.1203295445637689,117.22256303399999,95.5581850905,0.9435353384059152,-0.28813916158363345,1.0309965304692765
100,Aave,AAVE,2021-01-12 23:59:59,132.76556292,109.99994684,115.43930415,126.05295916,541259410.5638888,1529400855.541191,0.9209878719144303,119.44506550999999,98.100054716,0.8933599897062865,-0.01989223294015593,1.4374482247074163
101,Aave,AAVE,2021-01-13 23:59:59,147.4692885,120.68138915,126.10963722,147.4692885,540090767.4245772,1799950317.2789989,1.7452531839925585,126.59836722,101.4606905655,1.0591859791178413,0.37270465410894,1.6763846174617028
102,Aave,AAVE,2021-01-14 23:59:59,153.16103357,139.53990497,147.17831817,147.2622138,467793933.9662259,1797974219.3641748,-0.1092712278333995,132.51741739200003,104.83404225199999,1.1488252901760014,0.4655452540237994,1.5903908726559084
103,Aave,AAVE,2021-01-15 23:59:59,163.0450734,141.03971198,147.32644957,162.5793443,588428158.2173206,1988529819.238264,1.0662605428635534,139.793151566,109.21959281699999,1.235980981092944,0.5371446288076515,1.7266917487183169
104,Aave,AAVE,2021-01-16 23:59:59,199.42680205,162.69362454,162.69362454,182.93181721,896636347.4520636,2238510904.062113,1.288770629152795,153.259124594,114.517784435,1.5567786009985138,-0.41466015392626365,2.080513339991027
105,Aave,AAVE,2021-01-17 23:59:59,196.80113845,175.36021383,182.37267232,186.2648519,631950249.7831974,2280831100.500596,0.11868937149421051,165.301503142,119.7368458505,1.788918638626099,-0.18853509655783854,2.0685226690382947
106,Aave,AAVE,2021-01-18 23:59:59,197.66044299,181.44289524,186.19019975,197.65705672,495408127.87871057,2421614478.2345505,0.6025504075211133,175.339056786,125.72459874500001,1.8663428046996915,-0.6062403930071032,2.0133928086351167
107,Aave,AAVE,2021-01-19 23:59:59,206.22215614,185.817549,197.71740787,187.50846827,501884679.0409566,2298257565.7471347,-0.7102268705800013,183.38830768000003,131.0556069765,1.892110408359966,-0.16530107727022855,1.5403913065214014
108,Aave,AAVE,2021-01-20 23:59:59,198.19886798,173.54166984,187.1289415,193.3356448,629524750.396603,2370382680.144542,0.26566710223200707,189.53956778000003,136.3460151065,1.8416581510101733,-0.32062862797068037,1.6542553891019502
109,Aave,AAVE,2021-01-21 23:59:59,193.4189507,156.91452532,193.32167869,159.99185659,581488355.1622448,1961810810.2293148,-2.3102437252129744,184.951575656,139.8281243845,1.4710827427546889,0.6360639276510616,0.6302663757293687
110,Aave,AAVE,2021-01-22 23:59:59,194.5527093,148.81667161,159.880358,188.27962871,621666180.527225,2309153719.5381904,1.8142169017844705,185.35453101800002,144.9564636485,1.229186187930468,1.4536531714568015,1.0328363654842525
111,Aave,AAVE,2021-01-23 23:59:59,216.9347528,184.75756039,187.96894069,210.36705841,564323079.8501879,2581064745.640444,1.2065217382327735,187.89653135600003,150.919984086,1.0440718693065962,1.6421222999470073,1.1758924990729276
112,Aave,AAVE,2021-01-24 23:59:59,285.432791,210.61393513,210.61393513,264.85014401,1241700329.7266734,3251074103.9558263,2.6049395058427627,203.364866504,158.605889392,1.2484841211491196,2.216975196175674,1.4812318375355433
113,Aave,AAVE,2021-01-25 23:59:59,281.03039845,240.25944335,264.25886028,249.74367963,1081208271.0289412,3066479750.692207,-0.7807375010005814,214.64647347,165.27038198099999,1.3394764973166582,2.4699425660982848,1.3961225330546345
114,Aave,AAVE,2021-01-26 23:59:59,281.71788898,241.9276771,249.1981637,272.3576004,1081042277.5403025,3345908147.025244,0.9225283542008007,237.11962223199998,173.13822137900002,1.7284628075172213,0.8327120966693631,1.461691676181972
115,Aave,AAVE,2021-01-27 23:59:59,290.40235352,257.25419037,272.67511063,282.44377082,1111051096.4694834,3473257310.8946924,0.33313501467919643,255.952450654,181.51338758100002,1.951384775508135,0.7886963841171525,1.4008132118068193
116,Aave,AAVE,2021-01-28 23:59:59,305.43170394,274.74627799,282.18623189,297.41404299,874888871.6,3658821334.13,0.5121436529962136,273.36184757,190.79895073300003,2.0756957730130385,0.7668272878209722,1.4838369476322568
117,Aave,AAVE,2021-01-29 23:59:59,306.1231135,272.62314095,292.26857084,286.89914533,1050249644.78,3530265420.3,-0.5144351476734341,277.771647834,199.26055985250002,1.8629579619775196,-0.3466217310766585,1.2154793312449002
118,Aave,AAVE,2021-01-30 23:59:59,316.14377732,283.0867247,286.97316007,313.08732974,805008933.69,3854426676.67,0.9303836563442001,290.440377856,208.604892668,1.8535426596281503,-0.6178927613210728,1.2503434487059206
119,Aave,AAVE,2021-01-31 23:59:59,317.18857817,293.55978026,313.89264347,300.06256418,539565884.95,3697226540.33,-0.5905340146537675,295.981370612,217.82792327349998,1.6693609307886779,-0.46142148086484397,1.0197181479173927
120,Aave,AAVE,2021-02-01 23:59:59,306.99053591,285.56610689,300.03660994,295.66131353,639510002.09,3643317247.54,-0.2658958922824894,298.624879154,226.308340992,1.4537281711068402,-0.4416349188399703,0.8744292118827772
121,Aave,AAVE,2021-02-02 23:59:59,303.16399672,285.17213889,295.74798767,301.11819132,752215469.92,3711117723.85,0.121408856780638,299.36570881999995,233.99078613299997,1.2330330449490339,-0.55371722401335,1.0722259911808834
122,Aave,AAVE,2021-02-03 23:59:59,367.7925718,300.02753677,301.09644895,365.5988563,1083942424.89,4506679200.81,2.1800139404366563,315.105651014,244.907618258,1.272820071719699,0.5075779465694791,1.387402967788668
123,Aave,AAVE,2021-02-04 23:59:59,506.81430279,366.33473688,366.33473688,466.4799454,2838572595.82,5754281218.82,2.761526831966756,345.784174146,260.10264831300003,1.5079464906875357,1.405789428880954,2.150991940108558
124,Aave,AAVE,2021-02-05 23:59:59,534.40920329,463.88750013,465.20695854,506.77264181,1511505451.24,6253059939.33,0.8776260386315462,387.126189672,276.294689543,1.9021035104669517,0.928822963507388,2.1708092657933586
125,Aave,AAVE,2021-02-06 23:59:59,509.1511721,443.63367911,506.38615051,472.32853192,1485662684.03,5832334571.25,-0.9173013176578385,422.45963335,290.597873544,2.1913160515537955,1.3490015333631313,1.686839618254589
126,Aave,AAVE,2021-02-07 23:59:59,479.95690274,399.00333725,472.60146377,461.5083374,1373619547.81,5700023386.8,-0.3642692706489447,454.537662566,303.790437578,2.4246687198259096,1.5338128987401942,1.3778697553005421
127,Aave,AAVE,2021-02-08 23:59:59,529.13674002,458.58015296,461.79613607,490.34201617,1711240052.77,6057557720.36,0.6170649471695756,479.48629454,318.932114973,2.464186555921583,1.1665096397790284,1.6667346001300407
128,Aave,AAVE,2021-02-09 23:59:59,505.94283055,475.6519234,490.01141316,488.00188063,1165494591.8,6030579943.23,-0.14884785921096197,483.790681586,333.6654267645,2.170252494580363,-0.31188610950939116,1.5641761713054612
129,Aave,AAVE,2021-02-10 23:59:59,559.12294431,486.48228999,487.6995549,517.96825685,1880615394.0,6404109768.83,0.6052539441307981,486.02980459400004,351.5642467775,1.7995689184929662,-0.47275018592595297,1.6286940910894045
130,Aave,AAVE,2021-02-11 23:59:59,532.93623082,504.78166007,516.32640227,518.07254013,836675655.61,6409555495.12,-0.09045356493214195,495.178606236,368.05389234849997,1.5957829849895342,-0.9120031262253417,1.5810997212242208
131,Aave,AAVE,2021-02-12 23:59:59,542.94300205,502.3366133,517.90625643,529.89617535,822757465.38,6558682803.75,0.17151426054095242,508.85617382600003,384.03034819550004,1.4839153292615916,-1.1054535249846382,1.757118845456187
132,Aave,AAVE,2021-02-13 23:59:59,542.13536671,491.64641471,529.82971664,494.55965157,783556570.31,6124959579.25,-0.9012026676726478,509.699700906,395.51582357350003,1.2841711455803342,-0.7078437571899752,1.2194021301693712
133,Aave,AAVE,2021-02-14 23:59:59,508.7522981,462.43832149,494.71378746,471.6146565,685293985.66,5841937064.85,-0.6492700620891306,506.42225608,406.609372417,1.0466464676370701,-0.5783354392287625,1.105774949361201
134,Aave,AAVE,2021-02-15 23:59:59,494.31787426,401.60338895,470.92257667,455.61472533,1153106183.3,5643744346.22,-0.49710127670157345,493.95154977600004,415.7722286635,0.7309613070361728,-0.9662084439653056,0.9800037886465017
135,Aave,AAVE,2021-02-16 23:59:59,477.64167339,423.50151899,454.71170674,431.5302847,927532561.85,5345408014.9,-0.7289729487156523,476.64309869,423.22655435750005,0.3912088963493176,-1.0051665113061743,0.7137741985311709
136,Aave,AAVE,2021-02-17 23:59:59,455.5505286,401.53671938,431.41689139,449.60051733,1095918427.91,5569245761.06,0.3876988119711654,460.58396708600003,430.83587807450004,0.07704505925152114,-0.8059565610850037,0.4538979202615893
137,Aave,AAVE,2021-02-18 23:59:59,476.6646223,435.79495161,449.05388169,440.5109236,577451189.48,5456652070.81,-0.3320516160875182,449.77422149200004,438.51646698799993,-0.1613315330310589,-0.9331769654315518,-0.5049185463842152
138,Aave,AAVE,2021-02-19 23:59:59,444.4219644,407.32203736,440.50128142,422.2425337,667057562.2,5230359731.15,-0.5889434280355006,439.899796932,443.974227186,-0.35285457202474735,-0.9525394337291244,-1.208683666766826
139,Aave,AAVE,2021-02-20 23:59:59,489.74754408,409.89587291,421.83145004,442.02387644,1512350119.37,5482898402.56,0.44348190438549995,437.181627154,451.072292799,-0.471658608643577,-0.7129768105019323,-0.5995388936084003
140,Aave,AAVE,2021-02-21 23:59:59,451.37066675,427.24958639,441.2820991,435.85377271,555957721.72,5407627356.65,-0.25747015097320186,438.046324756,458.08191575800004,-0.5427909436800191,-0.9044670205485292,-0.548358015406677
141,Aave,AAVE,2021-02-22 23:59:59,444.67329695,361.83871694,435.87840115,400.88243658,924414231.89,4974530206.13,-1.072516596074112,428.302708606,463.0701280210001,-0.7150388492983739,-0.7052949452589418,-1.3209618760181734
142,Aave,AAVE,2021-02-23 23:59:59,401.64885291,288.71452331,400.78497558,359.49751981,1179704137.16,4461394530.87,-1.3691310743753176,412.10002784799997,462.7650611965,-0.9041079663262169,-0.3609240113802673,-1.5854786010098212
143,Aave,AAVE,2021-02-24 23:59:59,402.91031358,344.93886044,360.21098531,367.23089964,763533885.8,4557746908.16,0.15649404338754175,401.097701036,457.80260890849996,-0.983136044691611,-0.20961764347229056,-1.9539342131407444
144,Aave,AAVE,2021-02-25 23:59:59,384.70787702,337.50146351,367.21921716,337.50146351,450643581.02,4189244710.34,-1.0816808478610223,380.19321845,449.3390499935,-1.1481184036695813,-0.504555951221722,-2.0882812769137034
145,Aave,AAVE,2021-02-26 23:59:59,350.86544151,305.15356187,338.27717556,323.10817521,549178299.16,4011295609.12,-0.6033194905855745,357.64409895,441.87803215800005,-1.3500511257161936,-0.6041544471010445,-2.3401917031093284
146,Aave,AAVE,2021-02-27 23:59:59,349.17849378,323.37611629,323.37611629,334.36448095,400236069.04,4151558855.57,0.30831287676145164,344.340507824,435.52083933549994,-1.4529977493481578,-0.2968530842585986,-2.007924378609231
147,Aave,AAVE,2021-02-28 23:59:59,354.83655641,302.17219422,334.36457338,344.87000758,595665678.7,4282630707.73,0.2695575934023006,341.415005378,428.247238906,-1.4167405471642103,-0.5530929036708901,-1.7030210738205458
148,Aave,AAVE,2021-03-01 23:59:59,386.42742529,344.80371467,345.18928444,385.41968876,743260217.03,4787397636.72,1.2093286241531926,345.052763202,423.11812931250006,-1.3163792082462618,0.028517897315356165,-0.9740895104120146
149,Aave,AAVE,2021-03-02 23:59:59,411.88731495,379.03467694,385.58918892,390.92626057,731511612.1,4855921767.78,0.07335808184379473,355.737722614,416.7660294985,-1.107173111220312,-0.49407374704332213,-0.6890169158731005
150,Aave,AAVE,2021-03-03 23:59:59,413.63810676,385.87113286,390.91525628,396.30827717,428274369.61,4923743148.88,0.06735285712655575,370.377743006,410.67781635049994,-0.8417171206786886,-0.8750776032326281,-0.8637519982929183
151,Aave,AAVE,2021-03-04 23:59:59,406.01219067,367.78668752,396.01716671,374.56693032,395856298.25,4653772702.49,-0.7537122141467004,378.41823288,402.911354099,-0.6365056814783471,-0.38139221508591375,-0.9777093198557328
152,Aave,AAVE,2021-03-05 23:59:59,374.36337845,341.83354044,374.32396675,367.12553589,334832774.85,4562190922.56,-0.32786344700040737,382.86933854200004,396.53964831499997,-0.4918786460624579,-0.31668047825841844,-0.8808816671339014
153,Aave,AAVE,2021-03-06 23:59:59,382.45293835,353.91752676,366.81600562,382.01959117,259155959.28,4747498176.4,0.3730133852992295,382.189319024,392.0598950485,-0.44078055741664735,-0.9567162582815492,-0.9527318019699241
154,Aave,AAVE,2021-03-07 23:59:59,407.70725033,378.1496075,382.11859286,407.15247143,587694984.87,5060997597.21,0.653527179160233,385.43456119599995,389.63678235350005,-0.36169053881831803,-0.6909166608489119,-0.5495804026252272
155,Aave,AAVE,2021-03-08 23:59:59,431.08899622,388.79808573,407.2454357,430.6251097,578702449.84,5353291199.64,0.5637347695536867,392.29792770200004,389.5915236035,-0.264241983759066,-0.569649840142958,0.12297488830684544
156,Aave,AAVE,2021-03-09 23:59:59,441.17531557,418.16656411,430.78207243,439.32953693,453095765.28,5461756100.94,0.14159864826775695,405.250449024,389.0779745835,-0.07398385308196787,-1.050370681093536,0.8470823837200413
157,Aave,AAVE,2021-03-10 23:59:59,450.25979286,402.44024922,439.13217789,408.26351907,530439445.71,5076097240.69,-0.9518476255313358,413.47804565999996,387.465604357,0.0665342844542908,-0.4919937407951311,0.2737132236450586
158,Aave,AAVE,2021-03-11 23:59:59,411.65275634,389.26978879,407.40525228,403.50932755,396079584.32,5017241956.56,-0.2300152927433369,417.77599293599997,386.52894404949996,0.14185459256421748,-0.47983635832506516,0.667646293436714
159,Aave,AAVE,2021-03-12 23:59:59,406.41473674,362.88351372,403.58986342,374.71471052,427189383.68,4659635360.2,-0.9600201757189006,411.288440754,383.16348575349997,0.10097663018757681,-0.44376917584172615,0.43045374966649075
160,Aave,AAVE,2021-03-13 23:59:59,415.92332152,361.53280979,374.79467525,405.39340121,542535232.39,5041674558.43,0.8289627608392912,406.24209905600003,381.6404671785,0.05184979362017604,-0.2511192787400642,0.6098213471661521
161,Aave,AAVE,2021-03-14 23:59:59,408.3292567,377.94880782,405.36330369,381.08260484,381409955.94,4739457975.83,-0.8171986597385513,394.592712638,380.6504755915,-0.10112581649038101,-0.245881539976094,0.1782282805990727
162,Aave,AAVE,2021-03-15 23:59:59,389.06925577,358.23900347,380.70094392,369.02280205,352800736.83,4590010352.57,-0.4694928030399862,386.744569234,381.1267397035,-0.2214123486375039,-0.36451462649760014,-0.43129561778104847
163,Aave,AAVE,2021-03-16 23:59:59,375.31807796,352.73665397,369.00102348,371.21927385,286266766.78,4617763704.8,-0.023297723584924396,380.28655849399996,381.32615841399996,-0.31740227048518643,-0.33587756810483405,-0.4760049579340305
164,Aave,AAVE,2021-03-17 23:59:59,379.86463919,359.72752146,371.33082243,379.1245646,280131587.99,4716940794.82,0.1540150870798995,381.16852931,383.4073134685,-0.3345098978208686,-0.5388293969158636,-0.4418129455028306
165,Aave,AAVE,2021-03-18 23:59:59,380.44649791,362.47976039,378.93109451,363.10073433,219482140.04,4517656907.39,-0.5986556823123078,372.709995934,385.4069414245,-0.4834715948287815,-1.0246014056416404,-0.373659906920967
166,Aave,AAVE,2021-03-19 23:59:59,377.26572726,356.67906702,363.01201574,369.37732538,235741846.52,4595860814.8,0.10793969109087012,370.368940042,387.15758364600003,-0.5407346761908588,-1.153600699151883,-0.19756381960724878
167,Aave,AAVE,2021-03-20 23:59:59,395.18907025,368.089939,369.18189654,372.47784121,260796699.2,4635091730.5,0.005100369081218511,371.059947874,388.5379753275,-0.5496390480741569,-1.2440041359244451,-0.3560410385551563
168,Aave,AAVE,2021-03-21 23:59:59,377.24518434,363.60498856,372.51412826,370.15155996,174671074.92,4606283845.85,-0.16619710302534846,370.846405096,387.7745688875,-0.5423328360948043,-1.2415854458703537,-0.7853467898240855
169,Aave,AAVE,2021-03-22 23:59:59,373.76514507,342.27469804,370.24478625,344.32445841,229155373.86,4284996869.58,-0.9400309750712261,363.886383858,385.4444787795,-0.609797253257051,-0.9477756835857919,-1.5147922679543875
170,Aave,AAVE,2021-03-23 23:59:59,351.24670306,335.82679105,344.17108998,337.71448352,221157577.38,4203178634.82,-0.3198623159159812,358.809133696,382.514789097,-0.6430061525812818,-1.00777108676449,-1.7591217232963832
171,Aave,AAVE,2021-03-24 23:59:59,352.32203663,313.80916016,337.49567218,322.38054762,246028275.93,4015946929.12,-0.6371186010468229,349.409778144,379.905469962,-0.74357007153056,-1.0820545527445538,-1.631292796812018
172,Aave,AAVE,2021-03-25 23:59:59,339.01341722,316.22446194,322.12586536,328.21590435,318638404.99,4088868432.99,0.11731734212190353,340.557390772,377.959988385,-0.8462703983178435,-1.0107225305130811,-1.4509804129223172
173,Aave,AAVE,2021-03-26 23:59:59,357.86584949,327.54324658,328.14597612,355.60626394,322533721.51,4430363919.94,0.846058567552238,337.648331568,376.63932202350003,-0.8713543299268335,-0.38763160968585375,-0.5396702689005447
174,Aave,AAVE,2021-03-27 23:59:59,358.32341962,339.99769624,355.47236672,348.59236933,201495262.87,4343943724.09,-0.32615582578574986,338.501913752,373.71131691849996,-0.8202007551903318,-0.6537936927487858,-1.29301556492712
175,Aave,AAVE,2021-03-28 23:59:59,352.82049859,336.06823141,348.46568151,346.18989982,197560213.16,4314382589.25,-0.17381992348488848,340.196997012,369.4895564245,-0.7381109665928012,-0.6813468241007703,-0.9839867682206159
176,Aave,AAVE,2021-03-29 23:59:59,365.13390152,343.68119279,345.95870899,360.31627991,273206477.35,4490531522.37,0.37566872176364324,347.78414347,365.5388935735,-0.569354082037997,-0.8925912065311549,-0.4128334825809549
177,Aave,AAVE,2021-03-30 23:59:59,377.86398082,354.83564279,360.24283563,373.64082623,324113326.93,4656864364.11,0.33253994282568927,356.86912784599997,363.80775893149996,-0.4072350176579153,-0.8836850681284789,-0.17854376923654033
178,Aave,AAVE,2021-03-31 23:59:59,385.78006545,361.11462346,373.82708492,377.00814257,460781142.04,4698903088.6,0.012280090286922497,361.149503572,362.4826996825,-0.3226324462418017,-1.235482237369626,-0.2698590711030101
179,Aave,AAVE,2021-04-01 23:59:59,385.29872156,369.99531813,377.18368656,377.61179926,342371946.85,4706655285.76,-0.07407116634214174,366.953389558,362.6275541195,-0.23686032484623334,-1.3687139098963377,0.10434886206136638
180,Aave,AAVE,2021-04-02 23:59:59,408.47991277,374.2909219,377.51466105,406.69230308,480081712.84,5069254861.38,0.7762191399195761,379.05387020999996,362.692499213,-0.05450315563637725,-1.17114059790981,0.5002861602787728
181,Aave,AAVE,2021-04-03 23:59:59,411.37707798,385.41589822,406.88359101,385.42057192,395544800.58,4806154259.95,-0.7220841594509605,384.074728612,362.909397567,0.018097354642303803,-0.704274779468784,-0.0007233042986367201
182,Aave,AAVE,2021-04-04 23:59:59,409.57952347,382.7888631,385.52697083,404.30973507,330959728.89,5042122934.79,0.4676363734550542,390.20851038,364.673744218,0.08239497381802122,-0.6622364997727586,0.31783942909435087
183,Aave,AAVE,2021-04-05 23:59:59,407.32930559,388.30035121,404.39295268,397.92455936,306918909.35,4962595819.1,-0.279277514117296,394.391793738,366.0090084935,0.12375478428953374,-0.6089297611271222,0.7244847526006108
184,Aave,AAVE,2021-04-06 23:59:59,414.46970107,381.05020712,398.22538266,383.98994248,429756591.48,4788997765.1,-0.5103537841784918,395.667422382,366.2522773875,0.1389625443611741,-0.5010983557193245,0.5609100543095255
185,Aave,AAVE,2021-04-07 23:59:59,387.92493727,343.95766357,384.01465896,350.995831,479760253.88,4378934904.69,-1.1451806762252437,384.52812796599994,365.64703222099996,-0.018634672957268936,-0.6039237227646154,0.21663691792925194
186,Aave,AAVE,2021-04-08 23:59:59,377.93119268,349.1247067,351.38767647,377.93119268,261822849.23,4715193942.12,0.7732626113752423,383.030252118,366.074725586,-0.04787391191137101,-0.23093819530839144,0.4688294104946746
187,Aave,AAVE,2021-04-09 23:59:59,379.18028123,357.89147794,377.93218799,359.48357425,187074856.57,4485870791.61,-0.6790006492295869,374.065019954,365.425012238,-0.17248036194074418,-0.35517770471400145,-0.1700297650333914
188,Aave,AAVE,2021-04-10 23:59:59,374.97055281,357.08281899,359.37321874,367.26334069,278406911.91,4583145058.71,0.15798316741036672,367.93277622,365.28060127450004,-0.26251700410405227,-0.2695891294161738,0.04477254398306668
189,Aave,AAVE,2021-04-11 23:59:59,373.37874338,360.57380732,367.48909975,373.37874338,200658255.12,4660263686.21,0.10062784875530748,365.8105364,366.733315523,-0.3162478308274551,-0.263112119445119,0.16169011609427084
190,Aave,AAVE,2021-04-12 23:59:59,417.72217992,365.38837572,372.45602284,396.53613746,787040258.53,4950915627.32,0.6120381425617214,374.918597692,369.67439822,-0.22445730430145894,-0.6734565449541668,0.2696456594333809
191,Aave,AAVE,2021-04-13 23:59:59,419.78904302,385.24825181,397.28498679,398.28391889,649056082.97,4973077447.0,-0.041296173643748234,378.989142934,373.4695667835,-0.22119730269334953,-0.8917669339491471,0.1295865823285204
192,Aave,AAVE,2021-04-14 23:59:59,430.78858392,387.57605277,398.21019792,430.41622827,709472129.75,5374639326.94,0.8160146722534345,393.175673738,378.5795829795,-0.09053293388339435,-1.1087535697044613,0.45261572149798446
193,Aave,AAVE,2021-04-15 23:59:59,485.54265776,424.28299663,428.93606255,466.16483587,1064575198.24,5821565277.9,0.8417725977751179,412.95597277400003,384.107511576,0.1103369398589744,-1.0107804987005873,0.7554417834503684
194,Aave,AAVE,2021-04-16 23:59:59,469.4293897,421.34026746,466.27193718,442.19440065,673556018.02,5522217402.2,-0.7111663798841596,426.719104228,388.787613142,0.23376158456247106,-0.44767141927107496,0.17458538935079357
195,Aave,AAVE,2021-04-17 23:59:59,460.75462549,422.82448165,441.31395406,430.1746817,369355828.08,5372112604.27,-0.41561652600289517,433.446813076,392.986852236,0.2633915549352315,-0.3646061297975523,0.2971113939904032
196,Aave,AAVE,2021-04-18 23:59:59,432.98090609,292.77538936,430.18149922,382.07509899,1020175372.3,4771434820.21,-1.481736354642495,430.20504909600004,394.07479319,0.20144803551226836,0.28789870498921594,-0.4605170071735173
197,Aave,AAVE,2021-04-19 23:59:59,397.55232068,344.34172305,381.82247687,346.81257565,492796753.72,4331068954.6,-1.2270661582915015,413.484318572,392.733380661,-0.0120413439765318,0.06892718960797173,-0.7155533340467954
198,Aave,AAVE,2021-04-20 23:59:59,371.56151091,316.48934559,346.11530829,361.60819853,549743935.6,4515839829.21,0.39654299426148737,392.572991104,391.963383459,-0.2938721511949375,-0.3025971835681882,-0.44012696346804
199,Aave,AAVE,2021-04-21 23:59:59,384.65097732,344.40242309,361.58153387,354.13844062,457471541.78,4422555909.18,-0.33731314807831336,374.96179909800003,390.789715527,-0.5250088988913424,-0.26816976124148106,-0.19400013800225224
200,Aave,AAVE,2021-04-22 23:59:59,413.36092629,346.32577026,353.46287082,362.2285832,934747605.16,4523527204.3,0.17176874325424674,361.372579398,388.566529533,-0.6870385615135931,-0.09403834706601864,-0.4005891415913446
201,Aave,AAVE,2021-04-23 23:59:59,372.51797583,315.04539195,361.73020401,345.65529566,871499452.91,4316559227.28,-0.6413974694796036,354.088618732,386.57826572,-0.7643019536220454,-0.49494766469381263,-0.3808718912172125
202,Aave,AAVE,2021-04-24 23:59:59,345.91763301,315.48456743,345.76651771,317.49933002,344313634.66,3964946233.63,-1.0880689157981132,348.225969606,382.2377454675,-0.7914316448915094,-0.5969822279496768,-0.7432421284337735
203,Aave,AAVE,2021-04-25 23:59:59,352.25897298,316.13366701,317.67093627,346.99324847,384827300.79,4333267643.55,0.9476986085877717,345.302979594,379.691179923,-0.8001598487147311,-0.2004980832730512,-0.48030415877163274
204,Aave,AAVE,2021-04-26 23:59:59,407.97280455,345.79475744,347.64307039,405.15672313,778864321.5,5059615789.74,1.7224214689891861,355.50663609599997,380.74951895550004,-0.6667734489843853,0.5843433374355408,-0.15194582384854294
205,Aave,AAVE,2021-04-27 23:59:59,449.01496583,394.69529355,405.53764826,440.22324594,829037372.14,5497528139.23,0.8795069717692442,371.105568644,385.2108897025,-0.5036566988018523,0.6612365750871411,0.10512727164953481
206,Aave,AAVE,2021-04-28 23:59:59,486.03671396,424.17780399,440.6042979,460.35151028,1106424533.69,5748890829.87,0.4308822079341648,394.044811568,389.3319055825,-0.23589324694983776,0.35870403976692167,0.017801242384035063
207,Aave,AAVE,2021-04-29 23:59:59,462.82557118,425.80131733,461.08155056,438.70997496,602169994.59,5478630341.58,-0.6568402673833271,418.286940556,393.293225618,0.046832065705559194,-0.007264006771779696,-0.45953816432591527
208,Aave,AAVE,2021-04-30 23:59:59,452.47550214,430.46611758,439.29815513,444.72879905,549295851.03,5553793693.58,0.06679851092198862,437.834050672,397.16649853599995,0.2603096536833744,0.03043395891465516,-0.2039527607490871
209,Aave,AAVE,2021-05-01 23:59:59,510.98177585,436.83532029,444.86552929,503.86568384,876659862.61,6292297830.28,1.3695675609204585,457.57584281399994,403.69084555899997,0.4311528381683412,-0.2214166123189065,0.3516775952970233
210,Aave,AAVE,2021-05-02 23:59:59,506.53124535,474.43864308,503.71184434,483.41444421,528803162.23,6036901809.32,-0.5781671256376482,466.214082468,408.0347608965,0.4811823822386086,-0.1013154817230234,0.6296374040470587
211,Aave,AAVE,2021-05-03 23:59:59,532.78855889,480.5125322,482.06645108,519.06942055,800165583.14,6482162793.55,0.7407631413346591,477.9576645220001,414.0740359795001,0.5454627717186145,-0.01632865404172884,1.2272434749859606
212,Aave,AAVE,2021-05-04 23:59:59,520.52138233,449.97582575,519.34329602,453.35241136,946515500.83,5661485760.68,-1.678449988259652,480.88615180200003,415.22084513400006,0.5667026265291227,0.6630841898566466,0.4519670857557685
213,Aave,AAVE,2021-05-05 23:59:59,483.67771305,445.15946002,452.65705583,480.03080165,598275754.56,5994646725.41,0.5769750690401915,487.946552322,415.91414342300004,0.6493860331234709,0.7295520334502361,0.6630319356659886
214,Aave,AAVE,2021-05-06 23:59:59,480.68362397,442.38935824,479.77123474,452.40875669,535837075.35,5649701357.76,-0.7870055452904232,477.655166892,416.42486122500003,0.5056593824409356,0.2849389117107881,0.38304216637568084
215,Aave,AAVE,2021-05-07 23:59:59,466.90629457,434.80659135,452.41106524,445.22238064,444097912.4,5559957563.2,-0.28037148720827454,470.016754178,417.177246172,0.3936652773514136,0.2665606900583535,0.4608223094732022
216,Aave,AAVE,2021-05-08 23:59:59,475.35474825,441.04545977,445.22404052,466.31755388,409427672.08,5823395056.67,0.44944331319950404,459.466380844,421.3893689165,0.19417657425615165,0.1171607837676622,0.8175655824044002
217,Aave,AAVE,2021-05-09 23:59:59,468.57670616,441.89136052,466.57434844,459.58723356,356162916.89,5739346507.09,-0.2631041761380888,460.713345284,427.02810181200005,0.13109860329328907,-0.6728918871724284,0.6071287513297554
218,Aave,AAVE,2021-05-10 23:59:59,482.42247492,403.21347827,459.29901356,433.0535672,555568844.41,5407992861.34,-0.7893853214402975,451.317898394,430.6003702455,-0.03800359551100337,-0.7989575252719789,-0.0028136519736846138
219,Aave,AAVE,2021-05-11 23:59:59,458.75110371,417.65671141,433.15890771,457.17806873,471124523.27,5709260745.88,0.5421978997130389,452.27176080199996,435.752351651,-0.09407654089865274,-0.6922155286776981,-0.0865493026446195
220,Aave,AAVE,2021-05-12 23:59:59,595.82513671,456.46180223,457.40104388,490.57903135,2700355688.72,6251969445.3,0.7331510167262119,461.343090944,442.16987405850006,-0.06411629696553826,-0.5143247901845506,0.014402517764982942
221,Aave,AAVE,2021-05-13 23:59:59,619.30596592,468.49869127,509.08943574,508.62279907,2672357693.16,6482732644.44,0.33028522200958316,469.80413998200004,450.31824922899995,-0.06461243057224553,-0.5416686276151642,0.33609634501755875
222,Aave,AAVE,2021-05-14 23:59:59,631.5928899,507.38728823,508.9166087,594.55687732,1517159070.69,7580234638.55,1.735787391651689,496.7980687339999,464.171126594,0.08387832250659272,0.06243785558429573,0.7690170711538623
223,Aave,AAVE,2021-05-15 23:59:59,610.31494186,511.89910144,594.4355863,516.16936703,1073639999.02,6581333238.58,-1.748890392940866,513.4212286999999,472.62993252199993,0.17189923771936771,0.8679403181145802,-0.14812663674830334
224,Aave,AAVE,2021-05-16 23:59:59,562.17659909,479.44748903,515.7094331,526.2147085,903490585.83,6709766021.94,0.13295978301190317,527.228556654,478.68283179049996,0.25492937712720465,0.8574561778163038,0.052433739464568745
225,Aave,AAVE,2021-05-17 23:59:59,593.00508265,473.22048208,527.26450022,574.25943504,1714951194.75,7323113977.48,0.9306241910415035,543.964637392,485.3846412455,0.36084582653259745,0.9056533473241042,0.12390890409788753
226,Aave,AAVE,2021-05-18 23:59:59,666.86497857,565.74988663,572.2180282,632.26648755,2046638929.59,8063209781.54,1.0343797827326475,568.693375088,493.98039010900004,0.5287897319148883,1.00336102310633,0.9282153973934475
227,Aave,AAVE,2021-05-19 23:59:59,649.05066157,354.45831882,629.2316655,418.369321,2596468764.84,5336170728.82,-4.929880174102225,533.455863824,492.963357411,0.14900385274422384,3.543527863249734,-0.5115244375726208
228,Aave,AAVE,2021-05-20 23:59:59,507.98340686,355.43206147,412.87683765,468.81267809,1490116640.59,5980158843.65,1.2406437641343087,523.984526036,494.167551363,0.029179620737473138,3.7740673601563364,-0.1533237833392277
229,Aave,AAVE,2021-05-21 23:59:59,494.54843714,310.49052618,467.5263569,373.41851052,1224012357.59,4764076256.81,-2.7576852848708273,493.4252864399999,487.64519269699997,-0.2372783795642026,4.183385696471265,-0.5105532382374829
230,Aave,AAVE,2021-05-22 23:59:59,381.62825652,311.79975399,373.8030008,334.48069393,880707840.82,4267652851.7,-1.3827154027706063,445.46953821799997,480.198505183,-0.6998809006361514,3.7641036887909434,-0.7361604433685316
231,Aave,AAVE,2021-05-23 23:59:59,351.11141075,210.04829176,335.38838929,295.08922914,1187561364.15,3765386794.92,-1.5605357590366813,378.034086536,468.99949561249997,-1.3683474084365101,2.9761781359447035,-0.8370945050069022
232,Aave,AAVE,2021-05-24 23:59:59,397.06660616,289.40548358,294.31758896,385.57160812,1188069866.89,4920347743.33,3.0399676525103403,371.47454396,465.6104554505,-1.4135281814450538,3.232058179873946,-0.3900696511559779
233,Aave,AAVE,2021-05-25 23:59:59,403.74877236,323.66280703,386.97401273,371.38023972,856641755.42,4739642739.47,-0.5320755082342988,351.98805628599996,460.17792735399996,-1.5944856685713886,2.887929955654085,-0.5253465701047295
234,Aave,AAVE,2021-05-26 23:59:59,415.08126945,359.45637637,370.81038011,414.93294547,815698595.64,5295741939.71,1.2061097696635807,360.290943276,458.304136793,-1.477735629757617,2.3345387466526217,-0.4869746742401583
235,Aave,AAVE,2021-05-27 23:59:59,415.19800843,365.75705,415.19800843,369.97811139,627234774.78,4722695575.04,-1.4360406821105836,367.390426768,454.5419233305,-1.3561385596225026,2.357636728863827,-0.6897385269083062
236,Aave,AAVE,2021-05-28 23:59:59,376.53136082,305.07642629,371.60763773,320.3811519,691594902.23,4094856434.92,-1.7787718614159354,372.44881132,447.24510323149997,-1.221510264776207,2.4646702601943957,-1.1805083064173525
237,Aave,AAVE,2021-05-29 23:59:59,335.22437432,280.93323497,319.96143011,297.89964198,461875865.15,3807889683.09,-0.9450278752590406,354.914418092,439.1607236525,-1.35668817951353,0.6278302247849267,-1.0378103300785217
238,Aave,AAVE,2021-05-30 23:59:59,338.76706247,283.18673565,297.75044967,325.1483991,404946833.61,4156839152.74,0.932417321473125,345.668049968,433.7654652475,-1.418594079438385,1.0974037080590662,-0.958505785496782
239,Aave,AAVE,2021-05-31 23:59:59,385.14911323,305.06582711,324.5817947,383.08341024,685229369.02,4897954880.81,1.827871729898153,339.298142922,430.060732323,-1.4622673479976247,1.5223141069303145,-0.9143726518960875
240,Aave,AAVE,2021-06-01 23:59:59,392.7743238,361.50825713,382.43173358,372.8724613,599657382.37,4767779049.31,-0.40926859250864317,339.877012904,424.17540382050004,-1.3946083419537438,1.2473749562932361,-1.2156410488596197
241,Aave,AAVE,2021-06-02 23:59:59,401.71075971,361.93325303,372.90909735,384.40269091,410524214.05,4915404364.2,0.2639157017555666,352.681320706,417.96439841250003,-1.160810700138324,0.47285713450007866,-0.40005029187320346
242,Aave,AAVE,2021-06-03 23:59:59,408.96726025,377.89789682,384.44263126,397.49794841,357572383.78,5082959562.31,0.2995817374260226,372.60098199199996,408.111451967,-0.7806106619877634,-0.07305510568319454,-0.6151127085252327
243,Aave,AAVE,2021-06-04 23:59:59,398.5462218,347.69042496,398.5462218,373.88263034,431321243.76,4781530086.14,-0.8102414297753171,382.34782824,400.99711513249997,-0.5580100829043857,0.2830796593421562,-0.22368773889999632
244,Aave,AAVE,2021-06-05 23:59:59,391.55844855,347.72117872,373.3978012,356.66771648,357996565.63,4561449065.93,-0.6449573190391941,377.064689488,392.51976553149996,-0.5188076463420389,-0.7848413707107245,-0.08143418789115009
245,Aave,AAVE,2021-06-06 23:59:59,368.26187716,354.70910508,356.796678,365.66003352,204074691.8,4676895920.27,0.1988493423102075,375.622203932,382.0897954555,-0.3954447531844208,-0.72595160761867,0.26736517440749824
246,Aave,AAVE,2021-06-07 23:59:59,387.64553781,332.98570349,365.47444009,333.88496551,357944925.2,4270986921.64,-1.1576614378096735,365.518658852,367.1707193535,-0.32714704338443085,-0.5090960451679732,-0.6447918683663749
247,Aave,AAVE,2021-06-08 23:59:59,338.99411651,297.53350429,334.9433387,331.01690893,406665178.62,4234703558.26,-0.19386514907232005,352.222450956,362.80309875,-0.46269424173973817,-0.7491560622180561,-0.5633031060509915
248,Aave,AAVE,2021-06-09 23:59:59,342.55435833,306.53779125,330.00978857,338.5967323,372168431.57,4332127856.58,0.172387389880714,345.165271348,356.29230146049997,-0.4740508622449883,-0.6486233431426834,-0.9329990931857356
249,Aave,AAVE,2021-06-10 23:59:59,339.40613288,305.41262114,339.01024406,310.14837954,244954071.63,3968314481.01,-1.1207810855426097,335.86140396,353.1287949115,-0.5711503095810346,-0.4378755324452714,-0.8094852940143177
250,Aave,AAVE,2021-06-11 23:59:59,315.07769537,281.05563722,310.25112221,285.08174445,250130334.3,3647643402.16,-1.079969579384656,319.745746146,350.65884743749996,-0.7869060033461044,-0.5532066340450391,-0.5997823321949113
251,Aave,AAVE,2021-06-12 23:59:59,288.95290177,266.50943649,285.43814666,278.51403806,251587257.99,3563847177.88,-0.3658252016281078,308.671560656,349.83008788349997,-0.9490059295160874,-0.6727043244756693,-0.44352224112936117
252,Aave,AAVE,2021-06-13 23:59:59,317.6083654,267.80128318,278.7386895,317.12916788,327631351.91,4058132278.98,1.4280840150303762,305.894012446,346.40796587150004,-0.9451674091115739,0.3857102502927845,-0.3127298057810287
253,Aave,AAVE,2021-06-14 23:59:59,336.04014978,309.09031964,316.28481157,317.90136333,335306770.96,4068123033.37,-0.06432432458294719,301.754938652,343.73402205199994,-0.9735923058227558,0.3523801233779019,-1.1035830127339508
254,Aave,AAVE,2021-06-15 23:59:59,326.90090525,308.36694407,319.40059592,319.75729172,352145487.31,4091958380.19,-0.024626018788139758,303.676721088,338.9752393645,-0.8747045667105628,0.08274862037885684,-0.9686182928727314
255,Aave,AAVE,2021-06-16 23:59:59,313.73855321,287.53115884,311.92821301,290.26850308,192278220.23,3714910783.79,-1.2261665580479504,304.71407281399996,334.989758949,-0.7991105933567476,0.17759438322835727,-1.4415719986085982
256,Aave,AAVE,2021-06-17 23:59:59,305.38852265,285.4597322,290.2963901,292.91462583,146151226.31,3748867972.37,0.013486733439580486,307.594190368,333.61643264549997,-0.7310876169433658,0.14208980029996446,-1.6389852887721057
257,Aave,AAVE,2021-06-18 23:59:59,293.7846042,253.6112191,293.53391972,264.35209385,229941834.93,3383440911.19,-1.2946135983595397,297.038775562,331.93905523899997,-0.880242025603466,-0.4314178030195231,-1.6740427516325656
258,Aave,AAVE,2021-06-19 23:59:59,270.24330455,255.16786075,265.40468183,256.35608875,148810608.56,3281227060.66,-0.45258696042918367,284.729720646,328.49943972150004,-1.0346756849204235,-0.5278916377493991,-1.6074533782619134
259,Aave,AAVE,2021-06-20 23:59:59,277.1895489,242.62119102,255.23715327,273.49936021,242023664.13,3500727704.2,0.6654280071731841,275.478134344,323.02023722,-1.1112780510867943,-0.09385717564366589,-1.4501689951313734
260,Aave,AAVE,2021-06-21 23:59:59,275.37700258,206.41473557,272.91656631,212.98946504,406497830.33,2726354239.2,-3.0218621672695813,260.02232673599997,315.026087407,-1.2619743260288958,1.1910685352966028,-1.6529867877762805
261,Aave,AAVE,2021-06-22 23:59:59,222.89176774,171.37597814,212.55765704,205.75170322,589171952.09,2633899991.85,-0.49777940136590565,242.58974221400004,306.0935380225,-1.442589099444706,1.0661860673510053,-1.6799395188387842
262,Aave,AAVE,2021-06-23 23:59:59,229.66437827,198.02488783,206.02714143,214.09076815,399527615.44,2740670233.57,0.37256726106933996,232.53747707399998,296.92317900949996,-1.4941258875643204,1.2542268374446992,-1.6669644287340133
263,Aave,AAVE,2021-06-24 23:59:59,217.90640324,193.35413113,207.66013749,210.85982427,256051017.16,2699309497.69,-0.2709337801433539,223.43822417799998,288.772038706,-1.5458078995717703,1.2682563418061548,-1.4969196985970747
264,Aave,AAVE,2021-06-25 23:59:59,214.82974679,185.26866054,211.19505998,187.16875432,256442078.2,2400468190.85,-1.4888670271464872,206.17210300000002,280.297090598,-1.7557687177165182,0.970044575043072,-1.486601759294177
265,Aave,AAVE,2021-06-26 23:59:59,193.11671511,176.7812784,187.06783399,186.97187502,224175853.69,2397984006.42,-0.1051393828527191,200.96858499599998,271.362682673,-1.7280601153586712,-0.40782490122756704,-1.437207534279608
266,Aave,AAVE,2021-06-27 23:59:59,202.72034388,183.51706359,187.30900231,202.67640068,250757136.21,2599445021.94,0.8519145867768743,200.353524488,264.80225443150005,-1.6399898133443969,0.004398839233857438,-1.907415404316744
267,Aave,AAVE,2021-06-28 23:59:59,232.83439489,200.8225861,202.76131387,226.37249247,340029039.59,2903823686.72,1.2023699853666512,202.809869352,259.5700336085,-1.5041664387048888,0.392583545552227,-1.4369618857862352
268,Aave,AAVE,2021-06-29 23:59:59,252.57564615,226.11815886,226.9977685,236.76587081,374246042.79,3037272383.02,0.4330088224367362,207.99107866,254.478490534,-1.3063605645540448,0.3827037719729498,-1.2848327382333353
269,Aave,AAVE,2021-06-30 23:59:59,252.12111627,220.08141214,238.11912654,250.38549399,363669939.71,3212200185.37,0.5623265860539918,220.634426594,251.4903462565,-0.9767007702080543,-0.8437150962324156,-0.7713422345820518
270,Aave,AAVE,2021-07-01 23:59:59,251.97441164,227.69141894,250.71043776,231.62636199,330715116.19,2971685384.78,-1.0050178049908285,229.565323988,248.81757713349998,-0.7276500005187299,-0.06963709704344279,-1.0072933878034631
271,Aave,AAVE,2021-07-02 23:59:59,234.4839565,215.95153937,230.81411855,233.94843657,256639522.76,3001542331.19,0.02403302897675621,235.81973116600003,246.589297059,-0.5424397237721428,-0.13026605901973123,-0.6616257278829546
272,Aave,AAVE,2021-07-03 23:59:59,265.10734206,228.48520593,234.20847812,259.65522529,385377799.45,3331546057.4,1.128372465726974,242.47627773,243.71559992949997,-0.3303657839589531,-0.1766766395506645,-0.18300878214758162
273,Aave,AAVE,2021-07-04 23:59:59,289.00112414,248.28549084,259.39942603,277.03879166,427571943.31,3555054096.37,0.6662597992411038,250.5308619,241.672471346,-0.10097672194038249,-0.12981417645250468,-0.17988328214192728
274,Aave,AAVE,2021-07-05 23:59:59,317.38723388,263.43388058,277.11053346,307.8290792,793140860.06,3950268561.44,1.1416461786807717,262.019578942,241.07606072,0.1750213241582309,0.06015361882829721,1.2098691860454547
275,Aave,AAVE,2021-07-06 23:59:59,346.71478017,307.99752532,307.99752532,316.89850739,988705452.84,4066775915.02,0.24731317641784212,279.074008022,242.4075609355,0.5288591887729768,-0.8042194834573221,1.4416638216587334
